fold,model,feature_set,n,MAPE,MAE,RMSE,R2
0,scaled_svr,S1,7,11.983855629452332,134.5896869722268,173.0204822781978,-0.7060178608327645
0,scaled_ridge,S1,7,18.112159089512016,207.08372648640184,286.4587568899348,-3.6764117496073743
0,scaled_elastic,S1,7,18.1114392917819,207.07534208884394,286.4464438169565,-3.6760097387751633
0,extra_tree,S1,7,3.870449191505502,41.243867137958674,54.601306268294614,0.8300995212207191
0,catboost,S1,7,4.039251654734808,40.67387896723148,54.915814387808375,0.8281366020516681
0,rf,S1,7,3.8414455728621717,38.96608691292848,61.95953143887774,0.7812214262634752
0,lgbm,S1,7,10.830045845317885,116.99884612257483,130.87054071086675,0.02394940467565687
0,xgboost,S1,7,12.023488036400218,133.6380615234375,161.06628751539748,-0.4784200178242439
1,rf,S2,8,12.45470028907791,81.66972158799325,101.4600709895519,0.5933134209845942
1,scaled_svr,S1,8,7.666004008235657,53.85227250400142,65.19916444631278,0.8320602210962526
1,catboost,S1,8,9.206340276839361,66.41942449513542,77.12791062254077,0.7649865867679396
1,extra_tree,S3,8,11.55186131646152,77.73831283203863,93.0308503427212,0.6580807925815602
1,scaled_elastic,S1,8,15.632604355869645,103.96669350778643,122.00505826866903,0.4119351921834705
1,scaled_ridge,S1,8,12.20101136203191,82.48080529138606,101.54076195436791,0.5926662899243319
1,xgboost,S2,8,10.590218542215535,68.82771301269531,93.9413507707813,0.6513552595200727
1,lgbm,S1,8,25.013439328395314,160.18626323068872,184.90463213023108,-0.35071927972443495
2,scaled_ridge,S2,8,14.077122953378115,144.0530227607023,168.33980287174725,0.29087685827725795
2,scaled_elastic,S2,8,13.907776340890992,142.3186081127343,166.20377391883397,0.3087585194255761
2,scaled_svr,S2,8,14.437716350096103,146.80899326394757,171.4431866740304,0.2644901538614498
2,rf,S2,8,12.136809332375588,115.41048899275904,141.91659020813256,0.4960187657146031
2,extra_tree,S2,8,11.70737926333044,111.87089108660251,126.11882725503968,0.601977267072697
2,xgboost,S2,8,8.117633854263309,76.5374526977539,86.28153525050618,0.8137124812473128
2,catboost,S1,8,6.858765877382139,70.270727728508,86.10640045782306,0.8144679688319064
2,lgbm,S3,8,15.863093801452377,166.135189398492,211.20735226119547,-0.1162618809021525
3,rf,S2,8,11.771872353474242,91.64072269652591,115.28040463302132,0.3129141435622401
3,catboost,S1,8,13.65921365863543,101.70169458355356,109.83897950486602,0.37624648933591187
3,scaled_svr,S1,8,10.776963895839232,84.27626217392339,104.18728985441382,0.43878469428372213
3,extra_tree,S1,8,10.938025380824515,84.73210071455975,98.73928240626314,0.49594264327946536
3,xgboost,S1,8,18.948602724601958,138.66255950927734,145.8889452968298,-0.10038533419009332
3,scaled_ridge,S1,8,11.860111987609285,88.35899828844323,106.28564161754868,0.41595108483552934
3,scaled_elastic,S1,8,12.96585628815781,94.78628884990792,112.1138314742564,0.3501420833441341
3,lgbm,S1,8,17.787567045062517,123.54865926415857,143.88323416838762,-0.0703366751523764
4,rf,S2,6,10.76514317092432,84.58430307360537,108.73958229888123,-1.3350101387664677
4,extra_tree,S1,6,7.17361583975365,56.41797537112975,70.24418330048319,0.02560693385188406
4,scaled_svr,S1,6,9.337631600525226,73.31573254429775,93.39005466955547,-0.7223234277517523
4,catboost,S2,6,9.384902227146586,73.83669928152536,86.12344182969309,-0.4647253738231334
4,xgboost,S2,6,21.92924589603419,174.95238240559897,279.18569981352385,-14.392167784560774
4,scaled_ridge,S3,6,12.18823360782903,93.49427413103756,110.54814619332504,-1.4133281472076815
4,lgbm,S3,6,12.58988823861583,98.60012344626102,114.47215102018197,-1.5876953002492824
4,scaled_elastic,S3,6,12.240970322068913,93.87742220237885,110.94942330416984,-1.4308801549909385
