model,feature_set,split,n,MAPE,MAE,RMSE,R2
scaled_svr,S1,valid,9,6.220218386910103,51.41472764936196,62.10986098906358,0.8311297338992032
scaled_svr,S1,test1,39,30.322748543004398,151.330091963471,168.02161460572006,0.4131638767753617
scaled_svr,S1,test2,44,12.148371730184461,147.36274841442562,239.49566845820536,0.4042270439265866
catboost,S2,valid,9,5.694725723644226,45.93874329788514,55.47418249005694,0.865285639140922
catboost,S2,test1,39,43.44316992737198,207.88067340604283,225.19915171805928,-0.05419276777034421
catboost,S2,test2,44,16.530471922812374,197.79940980588654,289.88201661227095,0.1271733322285037
extra_tree,S2,valid,9,5.255258393791121,40.33713310030972,46.62298691101492,0.9048448584270843
extra_tree,S2,test1,39,34.831256204566216,172.03105798422334,186.95560243982663,0.2734533578001844
extra_tree,S2,test2,44,19.001552630996212,236.94724216494652,342.7418588840658,-0.22016834766635118
lgbm,S3,valid,9,9.296048861957944,67.72266208470134,79.01841562097103,0.7266691145401293
lgbm,S3,test1,39,43.29825247803436,212.77568908260028,229.07033243078467,-0.09074749444701724
lgbm,S3,test2,44,20.312884272087185,256.87585113654865,371.9773987317551,-0.43720448965616776
rf,S1,valid,9,5.329204460694427,45.79455135762638,68.74589198963045,0.7931166328343753
rf,S1,test1,39,29.013141016795245,141.3857440410102,152.0970105455875,0.51912977358474
rf,S1,test2,44,14.78321946314796,178.3245916701702,260.67016826852284,0.2942219886385844
scaled_ridge,S1,valid,9,8.850729913641466,70.38024549057847,82.10613973487956,0.7048903973877054
scaled_ridge,S1,test1,39,39.56605542047815,191.89831203203062,201.1391753106932,0.15903124176013728
scaled_ridge,S1,test2,44,13.640677391832737,172.61798476596164,276.74401970192855,0.20449676760223978
xgboost,S1,valid,9,5.099569332541851,42.168741861979164,53.16405421421311,0.8762719245482548
xgboost,S1,test1,39,34.28858867983315,173.51148243439502,190.16178090655018,0.24831998479417683
xgboost,S1,test2,44,14.429582805315539,165.2712138782848,244.42556242679908,0.37944724865636914
scaled_elastic,S1,valid,9,9.543904738945644,74.74731940662323,86.59105389927005,0.6717701122674951
scaled_elastic,S1,test1,39,41.88882814256125,202.55757433733336,211.82356346084916,0.06731482980299541
scaled_elastic,S1,test2,44,14.223750398184427,180.2894630562868,285.3066010825315,0.15450878579303073
