stage,model,internal_CV_MAPE,params,n_trials
outer0,SVR,8.52331977072129,"{'feature_set': 'S1', 'target_transform': 'log', 'kernel': 'linear', 'C': 0.14137956520976996, 'gamma': 0.03138723002153784, 'epsilon_log': 0.0022111448776464277}",35
outer0,CatBoost,10.93170626904336,"{'feature_set': 'S1', 'target_transform': 'original', 'iterations': 400, 'depth': 5, 'learning_rate': 0.02685615801244915, 'l2_leaf_reg': 0.15700686593941174, 'random_strength': 2.5682085077926136, 'loss_function': 'MAE'}",35
outer0,RandomForest,9.852274887730484,"{'feature_set': 'S1', 'target_transform': 'original', 'n_estimators': 200, 'max_depth': 3, 'min_samples_leaf': 3, 'max_features': 0.5749765559199868, 'criterion': 'absolute_error', 'bootstrap': False}",35
outer0,ExtraTrees,10.572950033089391,"{'feature_set': 'S1', 'target_transform': 'original', 'n_estimators': 100, 'max_depth': 8, 'min_samples_leaf': 1, 'max_features': 0.7177503903252455, 'criterion': 'squared_error', 'bootstrap': True}",35
outer1,SVR,9.169476634461954,"{'feature_set': 'S1', 'target_transform': 'log', 'kernel': 'rbf', 'C': 1.0, 'gamma': 0.1, 'epsilon_log': 0.05}",35
outer1,CatBoost,8.870306302032697,"{'feature_set': 'S1', 'target_transform': 'original', 'iterations': 300, 'depth': 3, 'learning_rate': 0.012139084430444078, 'l2_leaf_reg': 11.025820884217179, 'random_strength': 0.35305657519157774, 'loss_function': 'MAE'}",35
outer1,RandomForest,9.859478666247469,"{'feature_set': 'S2_original_DQ', 'target_transform': 'original', 'n_estimators': 200, 'max_depth': 8, 'min_samples_leaf': 2, 'max_features': 0.7428739208555802, 'criterion': 'absolute_error', 'bootstrap': False}",35
outer1,ExtraTrees,10.671155103363493,"{'feature_set': 'S2_original_DQ', 'target_transform': 'original', 'n_estimators': 100, 'max_depth': 4, 'min_samples_leaf': 1, 'max_features': 0.7899616330415686, 'criterion': 'absolute_error', 'bootstrap': False}",35
outer2,SVR,7.417161686157515,"{'feature_set': 'S2_plus_ratio', 'target_transform': 'original', 'kernel': 'linear', 'C': 307.724985124133, 'gamma': 0.04667992829174237, 'epsilon_original': 4.660754854952473}",35
outer2,CatBoost,10.224064816175957,"{'feature_set': 'S2_original_DQ', 'target_transform': 'log', 'iterations': 200, 'depth': 4, 'learning_rate': 0.04266011446682617, 'l2_leaf_reg': 3.143396104187773, 'random_strength': 2.3217296180233267, 'loss_function': 'MAE'}",35
outer2,RandomForest,10.360607115296737,"{'feature_set': 'S2_plus_ratio', 'target_transform': 'log', 'n_estimators': 200, 'max_depth': 10, 'min_samples_leaf': 2, 'max_features': 0.5068286446755152, 'criterion': 'absolute_error', 'bootstrap': False}",35
outer2,ExtraTrees,10.261781239143712,"{'feature_set': 'S2', 'target_transform': 'original', 'n_estimators': 100, 'max_depth': 5, 'min_samples_leaf': 1, 'max_features': 0.8488235241609416, 'criterion': 'absolute_error', 'bootstrap': False}",35
outer3,SVR,6.930656983796716,"{'feature_set': 'S1', 'target_transform': 'log', 'kernel': 'rbf', 'C': 24.46262943388297, 'gamma': 0.032112225329991216, 'epsilon_log': 0.0042057677600008045}",35
outer3,CatBoost,7.811472498669233,"{'feature_set': 'S1', 'target_transform': 'log', 'iterations': 200, 'depth': 4, 'learning_rate': 0.09118771718543149, 'l2_leaf_reg': 0.23645225830532673, 'random_strength': 1.6647343258206244, 'loss_function': 'RMSE'}",35
outer3,RandomForest,7.871992214446714,"{'feature_set': 'S1', 'target_transform': 'log', 'n_estimators': 200, 'max_depth': 10, 'min_samples_leaf': 1, 'max_features': 0.8766500957565153, 'criterion': 'squared_error', 'bootstrap': False}",35
outer3,ExtraTrees,10.454661333695475,"{'feature_set': 'S4_early', 'target_transform': 'original', 'n_estimators': 100, 'max_depth': 4, 'min_samples_leaf': 2, 'max_features': 0.9147029961567935, 'criterion': 'squared_error', 'bootstrap': False}",35
outer4,SVR,7.70457736399868,"{'feature_set': 'S1', 'target_transform': 'log', 'kernel': 'rbf', 'C': 1.1608749120264892, 'gamma': 0.055462326121426285, 'epsilon_log': 0.0020224872943312116}",35
outer4,CatBoost,7.071279973373679,"{'feature_set': 'S2', 'target_transform': 'original', 'iterations': 400, 'depth': 2, 'learning_rate': 0.019917085067184044, 'l2_leaf_reg': 0.5675580078552346, 'random_strength': 0.4412958940023824, 'loss_function': 'MAE'}",35
outer4,RandomForest,8.051377548903705,"{'feature_set': 'S1', 'target_transform': 'log', 'n_estimators': 100, 'max_depth': 9, 'min_samples_leaf': 2, 'max_features': 0.79519659632478, 'criterion': 'squared_error', 'bootstrap': False}",35
outer4,ExtraTrees,8.89463166179166,"{'feature_set': 'S2', 'target_transform': 'original', 'n_estimators': 100, 'max_depth': 7, 'min_samples_leaf': 1, 'max_features': 0.9590259744902004, 'criterion': 'absolute_error', 'bootstrap': False}",35
final,SVR,7.906607041600623,"{'feature_set': 'S2_original_DQ', 'target_transform': 'log', 'kernel': 'rbf', 'C': 26.94755704606429, 'gamma': 0.020035373874123227, 'epsilon_log': 0.07102939595727302}",80
final,CatBoost,8.587815138696548,"{'feature_set': 'S2', 'target_transform': 'log', 'iterations': 400, 'depth': 4, 'learning_rate': 0.14379192914869576, 'l2_leaf_reg': 0.10102306263429418, 'random_strength': 0.0034160021522987027, 'loss_function': 'RMSE'}",80
final,RandomForest,8.367824574873135,"{'feature_set': 'S2', 'target_transform': 'log', 'n_estimators': 200, 'max_depth': 4, 'min_samples_leaf': 1, 'max_features': 0.9111299702443628, 'criterion': 'squared_error', 'bootstrap': False}",80
final,ExtraTrees,10.211106171632558,"{'feature_set': 'S2_plus_ratio', 'target_transform': 'original', 'n_estimators': 200, 'max_depth': 10, 'min_samples_leaf': 1, 'max_features': 0.977192428361649, 'criterion': 'squared_error', 'bootstrap': False}",80
