model,feature_set,target_transform,split,n,MAPE,MAE,RMSE,R2
SVR,S2_original_DQ,log,train,37,6.106202782162374,51.140279833807746,65.15896514082175,0.8790155309828519
SVR,S2_original_DQ,log,valid,9,6.125704140589091,49.79630271957022,66.21075692699053,0.8080937235736197
SVR,S2_original_DQ,log,test1,39,46.680750019079824,225.77236643646015,250.84276983910098,-0.3079456783070882
SVR,S2_original_DQ,log,test2,44,16.395782540656395,185.05136534994293,270.6862738224184,0.23894169998844006
CatBoost,S2,log,train,37,0.0014626411648256212,0.012197621311773562,0.014790735681779084,0.9999999937660858
CatBoost,S2,log,valid,9,6.629389047374476,52.37294015689784,64.36414766138572,0.8186489316926079
CatBoost,S2,log,test1,39,36.44898200142673,182.35332688535212,199.20988072193455,0.17508674368331933
CatBoost,S2,log,test2,44,15.169837002171766,177.12593717252443,251.51045538622319,0.34295132135794915
RandomForest,S2,log,train,37,2.9945234034378188,24.902360843388333,42.01995582937737,0.9496855824615955
RandomForest,S2,log,valid,9,3.5322719049787996,25.990470615160877,33.778359063794305,0.9500530274746173
RandomForest,S2,log,test1,39,31.65417585579169,155.31301955832816,169.75220615090242,0.4010130145672762
RandomForest,S2,log,test2,44,15.924967361620926,196.7814585369615,296.61120254951527,0.08618021135678278
ExtraTrees,S2_plus_ratio,original,train,37,0.1651580751582006,1.4285360360360289,2.175403850101386,0.9998651468634918
ExtraTrees,S2_plus_ratio,original,valid,9,3.549804756650263,26.628379629629634,34.77436806024781,0.9470640676969841
ExtraTrees,S2_plus_ratio,original,test1,39,37.54361009530316,180.50008974358974,196.36588788073496,0.19847213875932634
ExtraTrees,S2_plus_ratio,original,test2,44,15.54754235574601,184.56882954545455,278.69987993182025,0.19321275723792497
Selected,S2_original_DQ,log,train,37,6.106202782162374,51.140279833807746,65.15896514082175,0.8790155309828519
Selected,S2_original_DQ,log,valid,9,6.125704140589091,49.79630271957022,66.21075692699053,0.8080937235736197
Selected,S2_original_DQ,log,test1,39,46.680750019079824,225.77236643646015,250.84276983910098,-0.3079456783070882
Selected,S2_original_DQ,log,test2,44,16.395782540656395,185.05136534994293,270.6862738224184,0.23894169998844006
