fold,model,selected_family,feature_set,MAPE,MAE,RMSE,R2
0,SVR,SVR,S1,19.32847060008372,221.3465126346041,307.8502249163551,-4.400916805926207
0,CatBoost,CatBoost,S1,5.604055982938897,57.18868177679154,71.93482019885981,0.7051053714788302
0,RandomForest,RandomForest,S1,9.238156142958978,89.85714285714286,136.12992743279173,-0.0560774348119375
0,ExtraTrees,ExtraTrees,S1,2.8097921941034754,27.516534013605483,45.85866398170223,0.8801518503324568
0,SelectionProcedure,SVR,S1,19.32847060008372,221.3465126346041,307.8502249163551,-4.400916805926207
1,SVR,SVR,S1,7.589956115985834,53.59470658001703,66.3800702309685,0.8259215816909363
1,CatBoost,CatBoost,S1,9.233670271196052,62.79741990305887,77.56403390789262,0.7623212843664768
1,RandomForest,RandomForest,S2_original_DQ,10.816470866821662,72.28625000000001,94.14387761393463,0.6498503624420748
1,ExtraTrees,ExtraTrees,S2_original_DQ,14.38767079455231,96.21874999999997,112.97164174030576,0.4957935499323144
1,SelectionProcedure,CatBoost,S1,9.233670271196052,62.79741990305887,77.56403390789262,0.7623212843664768
2,SVR,SVR,S2_plus_ratio,14.050303321045387,141.25433173109093,163.5354450680616,0.3307755115385794
2,CatBoost,CatBoost,S2_original_DQ,8.78367487100001,83.72162075077249,102.8568159288214,0.7352632810995212
2,RandomForest,RandomForest,S2_plus_ratio,8.060526123110638,79.7222483046752,109.93459121955134,0.6975756459647924
2,ExtraTrees,ExtraTrees,S2,11.412036972275978,112.535625,130.9097908031519,0.5711629620158931
2,SelectionProcedure,SVR,S2_plus_ratio,14.050303321045387,141.25433173109093,163.5354450680616,0.3307755115385794
3,SVR,SVR,S1,11.716411330484444,90.68906489526104,108.59052232266514,0.3903453809470103
3,CatBoost,CatBoost,S1,15.020974018760572,113.61145606130349,120.1175078492076,0.2540449635976515
3,RandomForest,RandomForest,S1,15.092274807301106,114.12499999999798,120.65809131591537,0.24731558045827773
3,ExtraTrees,ExtraTrees,S4_early,14.604068027469431,106.15019096181592,122.74277317097633,0.22108173673388476
3,SelectionProcedure,SVR,S1,11.716411330484444,90.68906489526104,108.59052232266514,0.3903453809470103
4,SVR,SVR,S1,8.80101409990554,70.06091634123003,84.73573647227745,-0.41790347435270836
4,CatBoost,CatBoost,S2,8.937300608050085,69.82521445901443,91.08746121766725,-0.638440388581968
4,RandomForest,RandomForest,S1,9.557337462576676,74.55075869270956,104.46670292808992,-1.1551089283326395
4,ExtraTrees,ExtraTrees,S2,6.9805339874510475,55.44333333333333,61.23891579978645,0.259426042095216
4,SelectionProcedure,CatBoost,S2,8.937300608050085,69.82521445901443,91.08746121766725,-0.638440388581968
