n_splits,fold,n,MAPE,MAE,RMSE,R2
4,0,9,7.424129365553098,73.93253945881624,85.81960651821758,0.7596696115903989
4,1,10,8.997830217307543,70.01105991375253,87.072649557892,0.8087488660858871
4,2,10,8.338127103344132,68.38404772635928,89.22144143220818,0.4936412689243078
4,3,8,5.389766315249836,39.63841704726859,47.97217904774656,0.8909650915299525
5,0,7,11.60886843015919,128.80079131456608,156.7780009717404,-0.40074403694500793
5,1,8,7.662266963712976,53.73410086357157,67.71223680076895,0.8188643900559092
5,2,8,7.426102096128099,70.1375794665167,79.91017170148493,0.8402090577843055
5,3,8,11.018549898442274,85.37099067811101,105.6056177873489,0.42340075764138807
5,4,6,9.870496575603914,76.78219386263112,98.28767883032522,-0.9077067111793888
