model,CV_MAPE_mean,CV_MAPE_SD,n,pooled_MAPE
Dummy,20.049578443642268,6.1155178465798015,37,20.50530682119863
LinearRegression,11.541671461894927,2.42862537700556,37,11.61530001485801
Ridge,12.291248709818014,2.062653132733158,37,12.47943725684276
ElasticNet,13.436263655056033,2.483635389949271,37,13.662799015248536
SVR,11.571396831297632,3.4389187381060657,37,11.774565017333698
RandomForest,9.33307922644104,1.0204140958334629,37,9.335264180899104
ExtraTrees,10.523319491325847,1.8459801570940733,37,10.709495580944319
GradientBoosting,10.289699286310727,0.5267120349831258,37,10.253687794270851
SelectionProcedure,13.488841210055838,2.923915992619667,37,13.549260057398138
