model,feature_set,split,n,n_prediction,MAPE,MAE,RMSE,R2
Dummy,S2,train,37,37,18.649204099944487,150.1081081081081,187.7610615016229,-0.004598048354317319
Dummy,S2,valid,9,9,19.115805316072407,132.77777777777777,169.62540428184033,-0.25954551202856124
Dummy,S2,test1,39,47,74.6257963337541,350.71794871794873,375.0727108995514,-1.9242699854323302
Dummy,S2,test2,44,46,20.0451272499249,247.11363636363637,363.65615002986743,-0.3736222987820057
LinearRegression,S2,train,37,37,8.059583063469494,70.94873292728268,88.53564998444926,0.7766337122957799
LinearRegression,S2,valid,9,9,6.866599026023257,60.02462569143884,84.95248466468055,0.6840748180573117
LinearRegression,S2,test1,39,47,49.072852875425774,230.3237638802058,261.99815530305165,-0.42686537376920763
LinearRegression,S2,test2,44,46,17.767174826793383,206.2264238938442,310.3940260243818,-0.0007190500127607358
Ridge,S2,train,37,37,8.079202944311414,70.7708942244812,88.6186140743487,0.7762148965221085
Ridge,S2,valid,9,9,7.413003599737646,63.19698751060212,85.2799940285579,0.68163420900611
Ridge,S2,test1,39,47,46.05250746962919,217.156364378314,242.4298929725312,-0.22168395861375778
Ridge,S2,test2,44,46,16.470334697976753,196.22990672091967,303.7133435780334,0.04189478275140901
ElasticNet,S2,train,37,37,10.242460656319835,84.37531826182025,102.97369652909504,0.6978421560952329
ElasticNet,S2,valid,9,9,10.463275416746592,80.53335721546784,93.26916982972716,0.619190042673724
ElasticNet,S2,test1,39,47,44.98760941152843,216.76114177410187,226.52555890150663,-0.06664758174977092
ElasticNet,S2,test2,44,46,14.977224232115304,190.12580590753987,296.9104613376336,0.08433532785296738
SVR,S2,train,37,37,5.736317093510052,48.139061321288125,56.91898855446508,0.9076800385235129
SVR,S2,valid,9,9,8.341767606817024,61.50097240533777,72.7271232783458,0.7684606061310477
SVR,S2,test1,39,47,44.91448832095447,221.7067472531459,246.50478668537298,-0.263098576593487
SVR,S2,test2,44,46,14.016634955879445,148.42915248467952,211.06689044204873,0.5372721031367809
RandomForest,S2,train,37,37,5.266960871555918,43.383312279592396,56.99876746737807,0.9074210617581895
RandomForest,S2,valid,9,9,4.411412950452371,35.37512473475647,49.748603575286296,0.8916587448115271
RandomForest,S2,test1,39,47,32.3503349753603,158.8249054823267,167.88035473100956,0.4141501969095177
RandomForest,S2,test2,44,46,14.946508985187645,183.19454185447964,278.32049771848455,0.19540775210214212
ExtraTrees,S2,train,37,37,5.782376420758737,48.248661668808346,60.918647081151654,0.8942496616063517
ExtraTrees,S2,valid,9,9,5.563756919439739,46.55379746049074,57.60388072491737,0.8547435057874522
ExtraTrees,S2,test1,39,47,38.98081207748401,187.86920568843306,198.4000375981054,0.18178011071434264
ExtraTrees,S2,test2,44,46,15.309661826634485,190.13333775325836,291.4423850096134,0.11775159129967416
GradientBoosting,S2,train,37,37,4.808231079792316,39.46134425178572,54.45811036762523,0.9154903307683152
GradientBoosting,S2,valid,9,9,4.994983227356745,37.62141307874804,45.593806577798375,0.9089995000618538
GradientBoosting,S2,test1,39,47,32.62544844326008,160.02036445168548,169.03645771386454,0.40605353999885185
GradientBoosting,S2,test2,44,46,16.065488260178746,200.01707741396424,300.80144912556557,0.060178648377013255
Selected,S1,train,37,37,7.370492432561226,61.352340052669994,77.80461727547245,0.8274988447724065
Selected,S1,valid,9,9,5.803455326996601,49.00311810353095,63.04105160273145,0.8260281541066167
Selected,S1,test1,39,47,31.311440929438906,155.89480062675787,169.64964582101817,0.4017365838949629
Selected,S1,test2,44,46,12.199319044153155,146.99272019995948,235.0846989458865,0.42597053544793306
